Datetime,Water Level (m)
2026-05-22 18:00:00,-0.19403692
2026-05-22 19:00:00,0.19158745
2026-05-22 20:00:00,0.4995151
2026-05-22 21:00:00,0.7124715
2026-05-22 22:00:00,0.76531154
2026-05-22 23:00:00,0.61378527
2026-05-23 00:00:00,0.3240897
2026-05-23 01:00:00,0.021961717
2026-05-23 02:00:00,-0.22595146
2026-05-23 03:00:00,-0.41629505
2026-05-23 04:00:00,-0.48827353
2026-05-23 05:00:00,-0.3236358
2026-05-23 06:00:00,0.042245474
2026-05-23 07:00:00,0.4143697
2026-05-23 08:00:00,0.7435183
2026-05-23 09:00:00,0.9581684
2026-05-23 10:00:00,1.0049127
2026-05-23 11:00:00,0.9021551
2026-05-23 12:00:00,0.66839856
2026-05-23 13:00:00,0.35746056
2026-05-23 14:00:00,0.07927182
2026-05-23 15:00:00,-0.16422388
2026-05-23 16:00:00,-0.36709592
2026-05-23 17:00:00,-0.48563004
2026-05-23 18:00:00,-0.4420788
2026-05-23 19:00:00,-0.14182231
2026-05-23 20:00:00,0.25444785
2026-05-23 21:00:00,0.55569226
2026-05-23 22:00:00,0.7447784
2026-05-23 23:00:00,0.78032386
2026-05-24 00:00:00,0.6624368
2026-05-24 01:00:00,0.42524922
2026-05-24 02:00:00,0.17606111
2026-05-24 03:00:00,-0.040353253
2026-05-24 04:00:00,-0.21578832
2026-05-24 05:00:00,-0.30825517
2026-05-24 06:00:00,-0.27364978
2026-05-24 07:00:00,-0.020662928
2026-05-24 08:00:00,0.35335442
2026-05-24 09:00:00,0.6841429
2026-05-24 10:00:00,0.9019547
2026-05-24 11:00:00,0.97554034
2026-05-24 12:00:00,0.88196295
2026-05-24 13:00:00,0.64335054
2026-05-24 14:00:00,0.36171228
2026-05-24 15:00:00,0.09430673
2026-05-24 16:00:00,-0.11992664
2026-05-24 17:00:00,-0.2958938
2026-05-24 18:00:00,-0.40325466
2026-05-24 19:00:00,-0.36791745
2026-05-24 20:00:00,-0.11388504
2026-05-24 21:00:00,0.25998232
2026-05-24 22:00:00,0.5506061
2026-05-24 23:00:00,0.76136404
2026-05-25 00:00:00,0.85151756
2026-05-25 01:00:00,0.8070762
2026-05-25 02:00:00,0.6093512
2026-05-25 03:00:00,0.34391925
2026-05-25 04:00:00,0.110458896
2026-05-25 05:00:00,-0.0639414
2026-05-25 06:00:00,-0.18772767
2026-05-25 07:00:00,-0.20272058
2026-05-25 08:00:00,-0.04214008
2026-05-25 09:00:00,0.28840548
2026-05-25 10:00:00,0.61604714
2026-05-25 11:00:00,0.8648536
2026-05-25 12:00:00,0.9607312
2026-05-25 13:00:00,0.902033
2026-05-25 14:00:00,0.6940646
2026-05-25 15:00:00,0.40792274
2026-05-25 16:00:00,0.13807791
2026-05-25 17:00:00,-0.080134764
2026-05-25 18:00:00,-0.25394216
2026-05-25 19:00:00,-0.37208036
2026-05-25 20:00:00,-0.35601792
2026-05-25 21:00:00,-0.11245665
2026-05-25 22:00:00,0.27766684
2026-05-25 23:00:00,0.6050692
2026-05-26 00:00:00,0.82890654
2026-05-26 01:00:00,0.91906136
2026-05-26 02:00:00,0.8657707
2026-05-26 03:00:00,0.6491572
2026-05-26 04:00:00,0.36030087
2026-05-26 05:00:00,0.09589324
2026-05-26 06:00:00,-0.10450495
2026-05-26 07:00:00,-0.24572039
2026-05-26 08:00:00,-0.26887643
2026-05-26 09:00:00,-0.10881463
2026-05-26 10:00:00,0.2256601
2026-05-26 11:00:00,0.544725
2026-05-26 12:00:00,0.7731034
2026-05-26 13:00:00,0.88677514
2026-05-26 14:00:00,0.85649985
2026-05-26 15:00:00,0.6528291
2026-05-26 16:00:00,0.33591166
2026-05-26 17:00:00,0.03492452
2026-05-26 18:00:00,-0.21948665
2026-05-26 19:00:00,-0.41787344
2026-05-26 20:00:00,-0.5153426
2026-05-26 21:00:00,-0.43898106
2026-05-26 22:00:00,-0.07597338
2026-05-26 23:00:00,0.36692256
2026-05-27 00:00:00,0.7047854
2026-05-27 01:00:00,0.94253993
2026-05-27 02:00:00,1.014349
2026-05-27 03:00:00,0.9321026
2026-05-27 04:00:00,0.688521
2026-05-27 05:00:00,0.36511073
2026-05-27 06:00:00,0.08341689
2026-05-27 07:00:00,-0.12742412
2026-05-27 08:00:00,-0.28427815
2026-05-27 09:00:00,-0.34544
2026-05-27 10:00:00,-0.207404
2026-05-27 11:00:00,0.17208575
2026-05-27 12:00:00,0.5344071
2026-05-27 13:00:00,0.7938483
2026-05-27 14:00:00,0.9046836
2026-05-27 15:00:00,0.8329256
2026-05-27 16:00:00,0.56395954
2026-05-27 17:00:00,0.2104639
2026-05-27 18:00:00,-0.09520335
2026-05-27 19:00:00,-0.34542373
2026-05-27 20:00:00,-0.5302407
2026-05-27 21:00:00,-0.60120666
2026-05-27 22:00:00,-0.44693545
2026-05-27 23:00:00,-0.006505015
2026-05-28 00:00:00,0.44934428
2026-05-28 01:00:00,0.82286745
2026-05-28 02:00:00,1.0498996
2026-05-28 03:00:00,1.111097
2026-05-28 04:00:00,0.95408267
2026-05-28 05:00:00,0.624099
2026-05-28 06:00:00,0.281481
2026-05-28 07:00:00,0.012489541
2026-05-28 08:00:00,-0.21272434
2026-05-28 09:00:00,-0.36069852
2026-05-28 10:00:00,-0.3892234
2026-05-28 11:00:00,-0.17415975
2026-05-28 12:00:00,0.24717394
2026-05-28 13:00:00,0.6076467
2026-05-28 14:00:00,0.846822
2026-05-28 15:00:00,0.91394174
2026-05-28 16:00:00,0.7875399
2026-05-28 17:00:00,0.46334213
2026-05-28 18:00:00,0.10672427
